{
    "train_loss": [1.8125474551675, 0.7035579842069875, 0.23632783003869715, 0.11994370447862576, 0.0624130819836149, 0.030985066219847403, 0.038461183710639946, 0.0499382493975229, 0.027904893536761486, 0.035724626002040565], 
    "val_loss": [1.5924998695090777, 1.332436996432006, 1.5115071073682878, 1.815734774482932, 1.7500008274190189, 1.9792685181811875, 2.2307789498713655, 2.0026809023276995, 2.184791099904879, 2.1304919574909174], 
    "train_acc": [0.355765595463138, 0.7792060491493383, 0.9287334593572779, 0.964461247637051, 0.9820415879017014, 0.9925330812854443, 0.9889413988657845, 0.985633270321361, 0.9934782608695653, 0.9888468809073724], 
    "val_acc": [0.4608361364728496, 0.6448822681403171, 0.6602594906295051, 0.6544930321960596, 0.6948582412301778, 0.6924555502162422, 0.67611725132148, 0.7083133109082173, 0.7020663142719846, 0.6900528592023066]
}